LOCATION_NAME,FLAG_TSUNAMI,YEAR,MONTH,DAY,LATITUDE,LONGITUDE,FOCAL_DEPTH,EQ_PRIMARY,MAXIMUM_WATER_HEIGHT, Batyh, DevW5, DevW11, DevW25, DevW75
 TIFU/MASARETE/KAJELI ,0,1905,1,22,1,123,90,8.4,1,42,28,43,160,1234
 TALAUDISLANDS:KARAKELONGISLAND ,0,1907,6,25,1,127,200,7.9,4,2363,123,248,781,2089
 NEWGUINEA:IRIANJAYA:JAPEN ,0,1916,1,13,-3,135.5,16,8.1,0.1,276,167,182,435,587
 NEWGUINEA:IRIANJAYA:JAPEN ,0,1916,1,13,-3,136,30,8.1,0.1,0,0,0,14,131
 NEWGUINEA:IRIANJAYA:JAPEN ,0,1916,9,11,-9,113,100,7.3,0.1,1662,96,222,525,1199
 NEWGUINEA:IRIANJAYA:JAPEN ,0,1917,8,30,-7.5,128,100,7.8,0.1,3941,180,256,812,2436
 NEWGUINEA:IRIANJAYA:JAPEN ,0,1918,11,18,-7,129,190,8.1,0.1,2748,278,483,1962,4385
 S.JAVASEA ,0,1933,6,24,-5.151,104.528,20,7.5,0.1,0,0,0,0,0
 S.JAVASEA ,0,1933,6,25,-5.007,104.501,20,5.8,0.1,0,0,0,0,0
 TALAUDISLANDS ,0,1937,9,27,-9.4,110.2,70,7.2,3,1750,135,257,821,2348
 TALAUDISLANDS ,0,1937,11,6,-3,132.3,33,7.2,3,10,81,104,198,1207
 NEWGUINEA ,0,1943,6,9,-1,101,50,7.6,1,0,0,0,0,0
 NEWGUINEA ,0,1943,7,23,-9.5,110,90,8.1,1,1354,96,173,443,1987
 NEWGUINEA ,0,1943,11,6,-6,134.5,60,7.6,1,0,0,0,39,42
 NEWGUINEA ,0,1944,3,22,-8.5,123.5,220,7.5,1,0,0,108,649,3527
 NEWGUINEA ,0,1948,3,1,-3,127.5,60,7.9,1,1434,319,860,2514,4046
 NEWGUINEA ,0,1950,11,2,-6.5,129.5,60,8.1,1,2450,142,142,644,3423
 NEWGUINEA ,0,1956,7,18,-5.5,130,190,7.5,1,3724,175,352,934,2135
 NEWGUINEA ,0,1957,4,16,-4.6,107.1,600,7.5,1,26,2,2,5,6
 NEWGUINEA:IRIANJAYA ,0,1958,10,20,-9.5,112.5,100,6.7,1.8,3552,106,132,360,1146
 NEWGUINEA:IRIANJAYA ,0,1961,3,16,-8.2,122,74,6.5,1.8,2368,94,316,1233,3650
 NEWGUINEA:IRIANJAYA ,0,1963,5,18,-8.2,115.6,65,6,1.8,874,487,780,1399,3919
 NEWGUINEA:IRIANJAYA ,0,1963,11,4,-6.86,129.58,100,8.3,1.8,4173,204,648,1618,4684
 NEWGUINEA:IRIANJAYA ,0,1964,1,8,-3.7,119.4,90,5.2,1.8,293,67,122,581,1048
 NEWGUINEA:IRIANJAYA ,0,1967,2,19,-9.2,113.1,80,6.8,1.8,2492,248,295,793,1502
 NEWGUINEA:IRIANJAYA ,0,1968,5,28,-2.9,139.3,65,7.7,1.8,0,0,0,0,0
 SULAWESI:TAMBU/COASTOFMAPAGA ,0,1969,1,30,4.8,127.4,70,7.5,10,3619,290,545,1378,4674
 SULAWESI:PARASANGA/PALETOANG ,0,1969,11,21,2.1,94.6,20,7.7,4,4838,39,63,199,572
 SULAWESI:PARASANGA/PALETOANG ,0,1971,1,10,-3.1,139.7,34,8.1,4,0,0,0,0,0
 SULAWESI:PARASANGA/PALETOANG ,0,1971,2,4,0.6,98.8,40,7.1,4,20,3,4,7,26
 SULAWESI:PARASANGA/PALETOANG ,0,1971,6,16,-7.2,109.1,35,5.2,4,0,0,0,0,3002
 SULAWESI:PARASANGA/PALETOANG ,0,1972,6,11,3.9,124.3,325,7.8,4,4709,56,68,253,1067
 SULAWESI:PARASANGA/PALETOANG ,0,1975,2,9,-6.7,106.7,27,5.6,4,0,0,0,0,0
 SULAWESI:PARASANGA/PALETOANG ,0,1976,6,25,-4.603,140.091,33,7.1,4,0,0,0,0,0
 SULAWESI:PARASANGA/PALETOANG ,0,1976,7,14,-8.17,114.888,40,6.5,4,106,94,208,406,936
 SULAWESI:PARASANGA/PALETOANG ,0,1976,10,29,-4.517,139.918,33,7.1,4,0,0,0,0,0
 SULAWESI:PARASANGA/PALETOANG ,0,1977,1,26,-8.22,115.19,33,5.2,4,0,0,0,1326,1782
 SULAWESI:PARASANGA/PALETOANG ,0,1977,3,8,0.45,100.02,22,6,4,0,0,0,0,0
 SUNDAISLANDS ,0,1979,5,21,-8.299,115.934,43,5.4,15,1305,121,167,1276,1546
 SUNDAISLANDS ,0,1979,5,30,-8.207,115.949,25,5.8,15,1415,62,96,549,1474
 NEWGUINEA:IRIANJAYA ,0,1979,10,20,-8.254,115.847,38,6.2,2,1233,51,115,175,1523
 NEWGUINEA:IRIANJAYA ,0,1979,11,2,-7.656,108.252,62,6.1,2,0,0,0,0,50
 NEWGUINEA:IRIANJAYA ,0,1979,12,15,-3.299,102.712,33,6.6,2,0,0,0,0,0
 NEWGUINEA:IRIANJAYA ,0,1979,12,17,-8.39,115.889,33,6.3,2,1162,29,150,561,1531
 NEWGUINEA:IRIANJAYA ,0,1980,4,16,-8.082,108.793,84,5.8,2,149,13,31,150,1910
 NEWGUINEA:IRIANJAYA ,0,1981,1,19,-4.576,139.232,33,6.7,2,0,0,0,0,0
 NEWGUINEA:IRIANJAYA ,0,1982,2,10,-6.863,106.936,40,5.5,2,0,0,0,0,0
 SUMBAWAISLANDREGION ,0,1982,8,6,-8.375,120.577,46,5.6,0.1,0,0,0,0,2557
 BANDASEA ,0,1983,4,4,5.723,94.722,79,6.6,3,1195,132,313,596,1928
 BANDASEA ,0,1983,10,16,1.084,121.052,40,6,3,0,0,0,0,3
 BANDASEA ,0,1983,10,25,1.131,120.858,33,6.1,3,0,0,0,49,598
 BANDASEA ,0,1984,8,27,1.761,99.075,33,5.2,3,0,0,0,0,0
 DENPASAR/BALI ,0,1985,9,15,-4.13,136.049,10,6.3,2,0,0,0,0,1713
 DENPASAR/BALI ,0,1985,11,17,-1.639,134.911,10,7.1,2,1056,93,268,538,1183
 DENPASAR/BALI ,0,1986,1,29,-3.904,103.461,33,5,2,0,0,0,0,0
 DENPASAR/BALI ,0,1987,4,25,2.244,98.866,11,6.6,2,0,0,0,0,1219
 TIMOR:PANTAR/MOUNTSIRUNG ,0,1989,3,8,1.031,126.189,32,5.6,0.1,895,458,984,1577,2683
 TIMOR:PANTAR/MOUNTSIRUNG ,0,1989,7,14,-8.081,125.129,10,6.2,0.1,1824,552,1308,3377,4562
 TIMOR:PANTAR/MOUNTSIRUNG ,0,1989,8,1,-4.511,139.022,14,5.8,0.1,0,0,0,0,0
 TIMOR:PANTAR/MOUNTSIRUNG ,0,1989,9,4,-4.219,136.667,9,6,0.1,0,0,0,0,0
 TIMOR:PANTAR/MOUNTSIRUNG ,0,1990,4,18,1.186,122.857,26,7.6,0.1,1251,315,630,1515,2725
 TIMOR:PANTAR/MOUNTSIRUNG ,0,1990,7,6,-6.904,108.12,14,4.8,0.1,0,0,0,0,0
 TIMOR:PANTAR/MOUNTSIRUNG ,0,1990,11,15,3.908,97.457,48,6.8,0.1,0,0,0,0,0
 TIMOR:PANTAR/MOUNTSIRUNG ,0,1991,6,20,1.196,122.787,31,7.5,0.1,1626,291,734,1659,2946
 TIMOR:PANTAR/MOUNTSIRUNG ,0,1991,7,4,-8.099,124.681,29,6.5,0.1,403,354,677,1587,4452
 TIMOR:PANTAR/MOUNTSIRUNG ,0,1992,2,4,-7.138,109.067,58,4.4,0.1,0,0,0,0,3002
 KAU ,0,1994,2,15,-4.967,104.302,23,6.9,2,0,0,0,0,0
 HALMAHERA ,0,1995,3,19,-4.183,135.109,33,6.9,3,0,0,0,0,37
 TIMOR/DILI/MALIANA/MAUBARA ,0,1995,10,6,-2.045,101.436,33,6.8,4,0,0,0,0,832
 NEWGUINEA:IRIANJAYA:BIAK/SUPIORI ,0,1997,8,20,4.358,96.494,33,6,7.7,0,0,0,0,0
 NEWGUINEA:IRIANJAYA:BIAK/SUPIORI ,0,1997,9,28,-3.776,119.727,33,5.9,7.7,0,0,0,0,95
 NEWGUINEA:IRIANJAYA:BIAK/SUPIORI ,0,1997,11,25,1.241,122.536,24,7,7.7,2240,339,970,2076,3135
 NEWGUINEA:IRIANJAYA:BIAK/SUPIORI ,0,1998,9,28,-8.194,112.413,152,6.6,7.7,0,0,0,296,421
 MANGOLE/MANADO/TALIABU ,0,1999,12,21,-6.845,105.555,56,6.5,2.75,0,0,18,49,771
 SULAWESI:LUWUK/BANGGAI/PELENG/ ,0,2000,6,4,-4.721,102.087,33,7.9,6,1796,45,126,316,1261
 SULAWESI:LUWUK/BANGGAI/PELENG/ ,0,2000,6,7,-4.612,101.905,33,6.7,6,1955,45,129,230,948
 SULAWESI:LUWUK/BANGGAI/PELENG/ ,0,2000,7,12,-6.675,106.845,33,5.4,6,0,0,0,0,0
 SULAWESI:LUWUK/BANGGAI/PELENG/ ,0,2001,10,19,-4.102,123.907,33,7.5,6,4917,116,339,893,1139
 SULAWESI:LUWUK/BANGGAI/PELENG/ ,0,2002,8,15,-1.196,121.333,10,6.2,6,0,0,0,855,3247
 SULAWESI:LUWUK/BANGGAI/PELENG/ ,0,2002,9,20,-1.68,134.234,10,6.4,6,156,104,227,369,804
 NEWGUINEA:MANOKWARI/ORANSBARI/RANSIKI ,0,2002,11,2,2.824,96.085,30,7.3,5,59,180,437,741,1041
 NEWGUINEA:MANOKWARI/ORANSBARI/RANSIKI ,0,2003,1,23,-8.807,118.524,33,5.5,5,0,0,0,416,1759
 NEWGUINEA:MANOKWARI/ORANSBARI/RANSIKI ,0,2003,3,21,-6.983,108.468,33,4.6,5,0,0,0,712,780
 NEWGUINEA:MANOKWARI/ORANSBARI/RANSIKI ,0,2003,3,25,-8.294,120.743,33,6.5,5,83,195,732,1753,3716
 NEWGUINEA:MANOKWARI/ORANSBARI/RANSIKI ,0,2003,5,26,2.354,128.855,31,7,5,2485,296,879,2015,3605
 NEWGUINEA:MANOKWARI/ORANSBARI/RANSIKI ,0,2003,8,11,1.142,128.152,10,6,5,3,6,12,38,103
 NEWGUINEA:MANOKWARI/ORANSBARI/RANSIKI ,0,2003,12,5,-8.137,120.524,33,4.9,5,1995,266,605,1998,4705
 NEWGUINEA:MANOKWARI/ORANSBARI/RANSIKI ,0,2004,1,1,-8.31,115.788,45,5.8,5,1194,101,323,988,1500
 NEWGUINEA:MANOKWARI/ORANSBARI/RANSIKI ,0,2004,2,5,-3.615,135.538,17,7,5,0,0,0,0,0
 NEWGUINEA:MANOKWARI/ORANSBARI/RANSIKI ,0,2004,2,7,-4.003,135.023,10,7.3,5,0,0,0,43,183
 NEWGUINEA:MANOKWARI/ORANSBARI/RANSIKI ,0,2004,2,16,-0.466,100.655,56,5.1,5,0,0,0,0,592
 NEWGUINEA:MANOKWARI/ORANSBARI/RANSIKI ,0,2004,2,22,-1.559,100.488,42,6,5,67,12,48,279,1085
 NEWGUINEA:MANOKWARI/ORANSBARI/RANSIKI ,0,2004,4,9,-1.549,100.54,66,5.4,5,40,9,27,75,860
 NEWGUINEA:MANOKWARI/ORANSBARI/RANSIKI ,0,2004,4,16,-8.669,114.65,96,5.5,5,189,150,195,411,1249
 NEWGUINEA:MANOKWARI/ORANSBARI/RANSIKI ,0,2004,4,23,-9.362,122.839,66,6.7,5,3321,16,41,56,251
 KEPULAUANALOR ,0,2004,11,26,-3.609,135.404,10,7.1,2,0,0,0,0,0
 SUMATRA:ACEH:OFFWESTCOAST ,0,2005,1,23,-1.198,119.933,11,6.3,50.9,0,0,0,0,1150
 SUMATRA:ACEH:OFFWESTCOAST ,0,2005,2,2,-7.037,107.819,15,4.8,50.9,0,0,0,0,663
 PADANG ,0,2005,7,5,1.819,97.082,21,6.7,0.4,175,152,204,541,1389
 PADANG ,0,2005,7,9,-1.174,119.963,32,5.9,0.4,0,0,0,0,1150
 PADANG ,0,2005,7,18,-9.948,124.48,10,5.3,0.4,0,0,0,0,1644
 PADANG ,0,2006,1,27,-5.473,128.131,397,7.6,0.4,3684,348,947,2054,3699
 SERAM ,0,2006,3,28,3.462,97.224,30,5,3.5,0,0,0,0,601
 SERAM ,0,2006,5,12,-5.575,105.395,17,5.5,3.5,0,11,63,166,173
 SERAM ,0,2006,5,26,-7.961,110.446,13,6.3,3.5,0,0,0,0,279
 JAVA ,0,2006,11,24,-3.728,119.233,31,5.2,20.9,827,33,107,318,906
 JAVA ,0,2006,11,29,2.52,128.283,39,6.2,20.9,239,160,207,1104,2780
 JAVA ,0,2006,12,1,-8.251,118.777,43,6.3,20.9,318,260,571,1280,2244
 JAVA ,0,2006,12,17,0.626,99.859,30,5.8,20.9,0,0,0,0,0
 JAVA ,0,2007,1,21,1.065,126.282,22,7.5,20.9,1109,296,611,1238,2783
 JAVA ,0,2007,3,6,-0.493,100.498,19,6.4,20.9,0,0,0,435,592
 JAVA ,0,2007,5,29,-1.065,127.343,24,6.1,20.9,940,164,694,2085,3745
 JAVA ,0,2007,7,26,2.872,127.464,25,6.9,20.9,3247,178,381,880,1449
 JAVA ,0,2007,8,8,-5.968,107.655,289,7.5,20.9,8,2,4,7,16
 JAVA ,0,2007,9,9,-7.783,114.338,35,4.8,20.9,0,0,0,66,236
 SUMATRA ,0,2007,9,12,-2.625,100.841,35,7.9,5,969,27,113,399,1242
 SUMATRA ,0,2007,11,25,-8.277,118.339,35,6.5,5,216,189,554,945,1395
 SUMATRA ,0,2008,1,7,-0.795,134.012,12,5.9,5,0,0,105,232,2620
 SUMATRA ,0,2008,1,22,1.011,97.442,20,6.1,5,0,0,0,13,281
 SUMATRA ,0,2008,2,20,2.768,95.964,26,7.4,5,0,0,0,83,1004
 SUMATRA:PADANG ,0,2008,9,9,-3.935,103.058,25,5.4,0.12,0,0,0,0,0
 JAVA ,0,2009,9,18,-9.138,115.593,79,5.7,0.4,2033,80,378,646,2439
 SUMATRA:PADANG ,0,2009,10,1,-2.515,101.501,10,6.6,0.27,0,0,0,0,0
 SUMATRA:PADANG ,0,2009,11,8,-8.207,118.631,18,6.6,0.27,434,152,466,1252,2290
 SUMATRA:PADANG ,0,2010,1,10,-7.907,107.879,65,5.1,0.27,564,333,877,1486,2504
 SUMATRA ,0,2010,5,9,3.748,96.018,38,7.2,0.44,175,205,347,625,920
 SUMATRA ,0,2010,6,16,-2.174,136.543,18,7,0.44,3,1,15,23,147
 SUMATRA ,0,2011,4,24,-4.586,122.771,8,6.1,16.9,16,15,37,62,198
 SUMATRA ,0,2011,9,5,2.965,97.893,91,6.7,16.9,0,0,0,0,62
 SUMATRA ,0,2012,6,4,-7.692,106.371,50,5.8,16.9,2103,374,1033,1878,2873
 SUMATRA ,0,2012,7,25,2.707,96.045,22,6.5,16.9,0,0,0,59,1047
 SUMATRA ,0,2012,8,18,-1.315,120.096,10,6.3,16.9,-977,3,989,1150,1150
 SUMATRA ,0,2013,1,21,4.927,95.907,12,6.1,16.9,0,0,0,0,0
 SUMATRA ,0,2013,6,22,-8.305,116.058,47,5.1,16.9,85,66,337,1095,1546
 SUMATRA ,0,2013,7,2,4.645,96.665,13,6.1,16.9,0,0,0,0,0
 SUMATRA ,0,2013,7,8,-8.803,113.002,60,5.7,16.9,1263,103,268,497,1321
 SUMATRA ,0,2013,10,22,5.103,95.971,10,5.5,16.9,0,0,0,0,17
 SUMATRA ,0,2014,1,25,-7.986,109.265,66,6.1,16.9,83,23,54,77,863
 N.MOLUCCASISLANDS ,0,2015,7,27,-2.629,138.528,48,7,0.09,0,0,0,0,267
 N.MOLUCCASISLANDS ,0,2015,9,24,-0.59,131.27,10,6.6,0.09,1687,103,260,665,2164
 N.MOLUCCASISLANDS ,0,2015,11,4,-8.338,124.875,20,6.5,0.09,0,0,0,1480,3516
 N.MOLUCCASISLANDS ,0,2016,1,16,-3.873,127.229,4,5.6,0.09,0,40,1075,2389,4100
 SUMATRA: ,0,2016,6,1,-2.097,100.665,50,6.6,0.21,232,200,514,820,1436
 SUMATRA: ,0,2016,6,7,1.279,126.371,31,6.3,0.21,1170,1279,2475,2592,2899
 SUMATRA: ,0,2016,7,31,-8.194,117.814,21,5.6,0.21,0,0,0,65,1291
 SUMATRA: ,0,2016,12,6,5.283,96.168,13,6.5,0.21,8,19,32,98,556
 SUMATRA: ,0,2017,3,21,-8.492,115.323,112,5.6,0.21,0,0,0,0,313
 SUMATRA: ,0,2017,5,29,-1.292,120.431,12,6.6,0.21,0,0,0,0,105
 SUMATRA: ,0,2017,10,31,-3.745,127.752,6,6.1,0.21,3737,53,132,486,3952
 SUMATRA: ,0,2017,11,18,2.465,128.148,8,5.8,0.21,132,188,312,760,2473
 SUMATRA: ,0,2017,12,15,-7.492,108.174,90,6.5,0.21,0,0,0,0,0
 SUMATRA: ,0,2018,1,23,-7.196,105.918,44,6,0.21,2211,102,290,570,1566
 SUMATRA: ,0,2018,4,18,-7.21,109.65,4,4.4,0.21,0,0,0,0,231
 SUMATRA: ,0,2018,7,21,-0.965,100.771,10,5.2,0.21,0,0,0,1842,1842
 SUMATRA: ,0,2018,7,28,-8.274,116.491,6,6.4,0.21,0,0,29,321,3736
 LOMBOKISLAND ,0,2018,8,9,-8.394,116.208,10,5.9,0.14,0,0,0,14,1390
 LOMBOKISLAND ,0,2018,8,19,-8.325,116.577,8,6.3,0.14,0,0,0,100,3750
 LOMBOKISLAND ,0,2018,8,19,-8.324,116.626,26,6.9,0.14,0,0,0,120,1470
 SULAWESI ,0,2018,10,10,-7.456,114.453,9,6,10.73,117,5,11,19,320
 SULAWESI ,0,2018,11,14,-2.916,119.435,9,5.6,10.73,0,0,0,0,0
 SULAWESI ,0,2019,2,27,-1.301,101.601,10,5.4,10.73,0,0,0,0,0
 SULAWESI ,0,2019,3,17,-8.418,116.52,24,5.5,10.73,0,0,0,0,2539
 SULAWESI ,0,2019,4,12,-1.852,122.553,18,6.8,10.73,667,49,105,238,637
 SULAWESI ,0,2019,7,14,-0.529,128.093,10,7.3,10.73,0,0,49,143,469
 SULAWESI ,0,2019,8,2,-7.267,104.825,53,6.9,10.73,2677,50,223,1010,1521
 SULAWESI ,0,2019,9,25,-3.45,128.347,18,6.5,10.73,112,138,226,413,550
 SULAWESI ,0,2019,10,10,-3.65,128.216,54,5,10.73,1,86,86,106,4251
 SULAWESI ,0,2019,11,12,-3.61,128.299,50,5,10.73,0,0,41,977,3923
 MOLUCCAISLANDS:N ,0,2020,3,10,-6.808,106.676,23,5,0.11,0,0,0,0,136
 MOLUCCAISLANDS:N ,0,2020,6,4,2.923,128.248,107,6.4,0.11,3316,227,649,1357,3666
 AMBONISLAND/SERAMISLAND ,1,1674,2,17,-3.75,127.75,40,6.8,100,3737,28,72,486,3952
 AMBONISLAND/SERAMISLAND ,1,1815,11,22,-8,115,150,7,100,854,241,241,809,1103
 SUMBAWAISLAND:BIMA ,1,1818,11,8,-7,117,600,8.5,3.5,583,56,80,171,265
 SULAWESI:MAKASAR ,1,1820,12,29,-7,119,80,7.5,25,796,166,339,938,2338
 JAVA ,1,1823,9,9,-6.5,108.5,150,6.8,0.3,0,0,2,9,27
 JAVA ,1,1833,11,24,-2.5,100.5,75,8.3,0.3,1295,12,21,152,621
 JAVA ,1,1837,9,29,5.5,96,100,7.3,0.3,138,32,96,519,1142
 JAVA ,1,1840,1,4,-8,110.5,150,7,0.3,0,0,0,0,305
 JAVA ,1,1843,1,5,1.5,98,70,7.3,0.3,589,72,72,208,663
 JAVA ,1,1852,1,9,-6.5,105.5,150,6.5,0.3,82,14,14,56,875
 MALUKU:BANDANAIRA ,1,1852,11,25,-5.25,129.75,100,8.3,8,4419,24,59,226,1273
 TIMORISLAND::DILHI/GERA ,1,1857,5,13,-8,115.5,50,7,3.4,1212,34,52,140,1447
 LAGUNDI/SIMUK/TELLOI ,1,1861,2,16,-1,97.5,70,8.5,7,5290,22,82,372,1308
 LAGUNDI/SIMUK/TELLOI ,1,1861,3,9,0.009,98,20,7,7,225,170,207,310,605
 LAGUNDI/SIMUK/TELLOI ,1,1861,4,26,1,97.5,70,7,7,0,0,0,0,216
 BURUISLAND/CERAMSEA ,1,1876,5,28,-3,127.25,50,6.8,0.3,1978,92,152,893,3824
 N.MOLUCCASISLANDS ,1,1889,9,6,1,126.25,70,8,4,1140,239,501,809,2809
 N.MOLUCCASISLANDS ,1,1891,10,5,-9,124,80,7,4,3286,45,89,269,2461
 N.MOLUCCASISLANDS ,1,1892,11,18,-3,127.75,70,7,4,1307,430,688,1663,4468
 N.MOLUCCASISLANDS ,1,1896,10,10,-3.5,102.5,130,6.8,4,0,0,0,0,0
 N.MOLUCCASISLANDS ,1,1897,3,15,-6.8,120.8,15,5.5,4,0,34,141,561,2828
 N.MOLUCCASISLANDS ,1,1900,10,7,-4,140,33,6.9,4,0,0,0,0,0
 TIFU/MASARETE/KAJELI ,1,1903,3,30,-3,127.5,33,6.5,1,1434,319,860,2514,4046
 NWSUMATRA:GUNUNGSITOLi/BARUS ,1,1907,1,4,2,94.5,50,7.8,15,4699,38,88,203,454
 TALAUDISLANDS:KARAKELONGISLAND ,1,1907,3,29,3,122,500,7.3,4,5575,93,93,375,932
 SW.SUMATRA ,1,1908,2,6,-2,100,130,7.5,1.4,1700,67,78,184,1147
 SW.SUMATRA ,1,1909,6,3,-2,101,40,7.6,1.4,0,0,0,0,46
 SW.SUMATRA ,1,1913,3,14,5.354,126.121,15,7.8,1.4,3454,114,292,555,1849
 NEWGUINEA:IRIANJAYA:JAPEN ,1,1914,5,26,-1.829,136.943,15,8.1,0.1,-5,8,49,55,216
 NEWGUINEA:IRIANJAYA:JAPEN ,1,1914,6,25,-3.924,101.82,35,7.6,0.1,647,65,164,489,1003
 JAVA-S.JAVASEA ,1,1930,6,19,-5.6,105.3,33,6,1.5,9,6,11,50,173
 S.JAVASEA ,1,1930,7,19,-9.3,114.3,100,6.5,0.1,3841,41,63,218,771
 S.JAVASEA ,1,1932,9,9,-3.57,128.35,17,6.5,0.1,67,131,193,359,3093
 TALAUDISLANDS ,1,1936,4,1,4.5,126.5,60,7.7,3,3552,126,191,580,3578
 NEWGUINEA ,1,1938,2,1,-5.25,130.5,25,8.5,1,4453,327,641,1821,6118
 NEWGUINEA ,1,1950,10,8,-3.8,128.3,60,7.6,1,3497,1210,1210,2769,4520
 NEWGUINEA:IRIANJAYA ,1,1957,6,22,-1.5,137,33,7.3,1.8,136,7,9,94,236
 NEWGUINEA:IRIANJAYA ,1,1958,4,21,-4.5,104,200,6.7,1.8,0,0,0,0,0
 NEWGUINEA:IRIANJAYA ,1,1963,12,16,-6.4,105.4,64,6.6,1.8,86,9,22,47,755
 NEWGUINEA:IRIANJAYA ,1,1964,4,2,5.9,95.7,130,7,1.8,1248,40,46,142,774
 NEWGUINEA:IRIANJAYA ,1,1965,1,24,-2.4,126.1,6,7.6,1.8,886,675,1414,3341,5095
 NEWGUINEA:IRIANJAYA ,1,1967,4,11,-3.7,119.3,33,5.5,1.8,771,103,215,590,1035
 NEWGUINEA:IRIANJAYA ,1,1967,4,12,5.5,97.3,100,6.1,1.8,292,27,100,379,868
 MOLUCCAISLANDS:MANADO/CELEBES ,1,1968,8,10,1.4,126.2,25,7.6,0.4,1744,171,309,753,2528
 SULAWESI:TAMBU/COASTOFMAPAGA ,1,1968,8,14,0.2,119.8,23,7.4,10,0,0,186,676,1977
 SULAWESI:PARASANGA/PALETOANG ,1,1969,2,23,-3.1,118.9,13,7.4,4,0,0,0,76,1869
 SUNDAISLANDS ,1,1977,8,19,-11.085,118.464,33,8,15,6232,441,960,2145,3796
 NEWGUINEA:IRIANJAYA ,1,1979,9,12,-1.679,136.04,5,7.9,2,0,0,0,126,685
 NEWGUINEA:IRIANJAYA ,1,1982,2,24,4.374,97.755,52,5.4,2,0,0,0,0,68
 SUMBAWAISLANDREGION ,1,1982,3,11,-9.265,118.479,33,6.4,0.1,1483,40,60,158,541
 SUMBAWAISLANDREGION ,1,1982,12,25,-8.405,123.08,33,5.9,0.1,-26,37,76,203,1190
 BANDASEA ,1,1983,3,12,-4.056,127.924,17,6.5,3,1889,539,1487,2970,3494
 BANDASEA ,1,1984,1,8,-2.823,118.806,33,6.6,3,0,0,0,447,2052
 DENPASAR/BALI ,1,1985,4,13,-9.245,114.185,99,6.2,2,3949,94,166,396,1076
 TIMOR:PANTAR/MOUNTSIRUNG ,1,1987,11,26,-8.247,124.155,33,6.5,0.1,388,409,887,1213,1891
 FLORESREGION/MAUMERE/BABI ,1,1992,12,12,-8.48,121.896,28,7.8,26.2,39,25,229,383,2228
 KAU ,1,1994,1,21,1.015,127.733,20,7,2,135,8,90,179,326
 JAVA ,1,1994,6,2,-10.477,112.835,18,7.8,13.9,3429,510,1301,2733,4192
 JAVA ,1,1994,6,3,-10.362,112.892,26,6.6,3.7,1851,125,396,1006,3140
 JAVA ,1,1994,6,4,-10.777,113.366,11,6.5,3.7,5840,106,371,838,3671
 JAVA ,1,1994,6,5,-10.341,113.369,17,6.1,3,1146,97,230,392,1687
 HALMAHERA ,1,1994,10,8,-1.258,127.98,17,6.8,3,600,170,395,888,1180
 TIMOR/DILI/MALIANA/MAUBARA ,1,1995,5,14,-8.452,125.049,13,6.9,4,3238,72,225,768,3634
 SULAWESI:MINAHASSAPENINSULA/TOLITOLI ,1,1996,1,1,0.729,119.931,24,7.9,3.43,346,221,414,1196,3230
 NEWGUINEA:IRIANJAYA:BIAK/SUPIORI ,1,1996,2,17,-0.891,136.952,33,8.2,7.7,1649,106,201,587,1921
 MANGOLE/MANADO/TALIABU ,1,1998,11,29,-2.071,124.891,33,7.7,2.75,2074,237,678,1382,3811
 SULAWESI:LUWUK/BANGGAI/PELENG/ ,1,2000,5,4,-1.105,123.573,26,7.6,6,1547,100,338,1142,1844
 NEWGUINEA:MANOKWARI/ORANSBARI/RANSIKI ,1,2002,10,10,-1.757,134.297,10,7.6,5,102,68,172,333,912
 NEWGUINEA:MANOKWARI/ORANSBARI/RANSIKI ,1,2004,1,28,-3.12,127.4,17,6.7,5,859,136,233,592,3262
 KEPULAUANALOR ,1,2004,11,11,-8.152,124.868,10,7.5,2,183,272,634,1892,4566
 SUMATRA:ACEH:OFFWESTCOAST ,1,2004,12,26,3.316,95.854,30,9.1,50.9,1069,51,107,378,1298
 SUMATERA:SW ,1,2005,3,28,2.085,97.108,30,8.6,4.2,0,80,80,149,604
 PADANG ,1,2005,4,10,-1.644,99.607,19,6.7,0.4,1628,54,218,576,1720
 SERAM ,1,2006,3,14,-3.595,127.214,30,6.7,3.5,0,0,0,1799,4111
 JAVA ,1,2006,7,17,-9.254,107.411,34,7.7,20.9,3522,99,176,693,3106
 SUMATRA ,1,2007,9,12,-4.438,101.367,34,8.4,5,7,25,27,383,1074
 SUMATRA:PADANG ,1,2008,2,25,-2.486,99.972,25,6.5,0.12,47,48,93,199,1344
 MINAHASSAPENINSULA ,1,2008,11,16,1.271,122.091,30,7.3,0.13,894,353,1015,1742,2544
 PAPUANEWGUINEA:NEARNORTHCOAST ,1,2009,1,3,-0.414,132.885,17,7.6,0.39,44,74,345,973,2903
 PAPUANEWGUINEA:NEARNORTHCOAST ,1,2009,1,3,-0.691,133.305,23,7.3,0.39,0,0,58,247,2294
 KEPULAUANTALAUD ,1,2009,2,11,3.884,126.397,22,7.2,0.13,3439,138,367,679,3200
 SUMATRA:PADANG ,1,2009,8,16,-1.479,99.49,20,6.7,0.18,1610,58,151,354,1717
 JAVA ,1,2009,9,2,-7.782,107.297,46,7,0.4,1572,38,97,251,2022
 SUMATRA:PADANG ,1,2009,9,30,-0.72,99.867,81,7.5,0.27,248,136,328,536,965
 SUMATRA ,1,2010,4,6,2.383,97.048,31,7.8,0.44,128,259,331,871,1248
 SUMATRA ,1,2010,10,25,-3.487,100.082,20,7.8,16.9,2373,212,571,1215,2807
 SUMATRA ,1,2012,4,11,2.327,93.063,20,8.6,16.9,4316,13,42,88,215
 SUMATRA ,1,2012,4,11,0.802,92.463,25,8.2,16.9,4417,8,22,45,90
 N.MOLUCCASISLANDS ,1,2014,11,15,1.893,126.522,45,7.1,0.09,1772,84,273,671,1784
 SUMATRA: ,1,2016,3,2,-4.952,94.33,24,7.8,0.21,4983,2,3,8,121
 LOMBOKISLAND ,1,2018,8,5,-8.287,116.452,31,6.9,0.14,0,0,0,56,3668
 SULAWESI ,1,2018,9,28,-0.178,119.84,10,7.5,10.73,0,0,13,171,1200
 MOLUCCAISLANDS:N ,1,2019,11,14,1.6,126.416,33,7.1,0.11,1504,32,81,331,1732
